product_id,quantity
2414,80995
2074,77916
3941,54319
1828,46078
3851,36706
209,35263
2363,33670
2699,30919
2762,27153
2129,26076
2329,25329
2361,24230
543,22927
3682,22404
217,21876
2787,20945
1826,20148
3393,18241
100,17664
2018,17576
1832,16771
1666,16766
1581,15940
2408,15591
845,15563
2439,15283
1794,15039
2664,14853
98,14712
2364,14302
3446,13908
1819,13875
239,13699
3762,13329
3365,13328
104,13029
185,12949
2867,12863
2831,12805
1816,12771
1002,12618
1818,12533
2876,12384
3226,12305
2359,12106
1717,12080
550,11891
2678,11788
3170,11769
3207,11661
3612,11645
2012,11530
1841,11513
1439,11501
374,11401
1029,11323
2010,11246
2028,11073
1450,11040
1623,10961
2013,10789
1837,10695
1836,10620
1628,10528
2856,10522
1839,10490
1823,10451
222,10297
2197,10267
2017,10226
2526,10217
857,10169
1198,10070
127,10040
1827,9888
2021,9875
3915,9782
738,9646
1077,9642
3922,9628
1665,9577
2023,9570
2413,9423
3493,9318
2339,9313
248,9272
3928,9219
2977,9119
2479,9110
2027,9091
690,8947
1817,8933
2697,8900
3430,8757
2764,8752
1821,8735
94,8594
1210,8550
2328,8541
1626,8444
2219,8427
833,8405
1402,8328
3917,8256
1831,8243
3091,8228
186,8219
889,8188
1838,8187
1795,8151
1598,8138
3117,8111
2362,8097
2990,8075
1604,8056
3602,7990
3953,7925
3606,7904
1746,7896
2979,7892
3441,7834
1829,7754
2807,7749
1420,7722
3206,7670
2669,7656
1586,7652
3461,7633
2011,7533
438,7431
2772,7366
3272,7351
689,7303
2672,7297
3540,7264
97,7211
139,7206
3967,7201
1442,7196
3730,7118
2542,7106
687,7039
3057,7012
3122,7010
2061,6910
2338,6907
2404,6901
476,6900
3495,6842
1904,6809
524,6803
1825,6729
10,6727
2686,6625
1745,6607
3271,6573
2883,6563
2015,6527
2334,6521
3222,6498
3445,6477
2014,6477
2988,6469
2025,6438
773,6430
2427,6419
1562,6406
9,6393
1721,6367
998,6354
2622,6350
1419,6285
3913,6268
1,6267
2026,6191
3891,6188
1231,6123
1608,6097
2344,6088
2784,6074
2348,6051
3128,6001
1603,5993
2881,5966
3094,5957
3208,5955
1445,5951
2667,5947
3901,5913
3601,5893
1229,5882
2670,5874
281,5874
269,5873
3254,5871
1193,5856
3133,5844
3978,5800
3348,5800
1523,5783
3911,5766
4021,5750
3526,5748
3335,5699
1840,5694
3920,5690
3211,5677
3364,5666
827,5657
846,5654
135,5630
2480,5564
739,5524
1658,5362
3196,5360
1716,5340
1054,5338
3518,5337
1727,5313
2624,5307
3121,5287
2343,5281
3031,5264
3985,5251
3221,5251
3980,5250
763,5200
3130,5197
575,5185
3979,5175
2335,5162
51,5152
746,5152
138,5066
688,5065
620,5026
249,5004
2865,5001
2360,4936
491,4936
2923,4914
1834,4905
501,4901
2478,4897
4028,4894
2409,4885
3204,4877
3961,4876
3623,4859
365,4843
3923,4805
265,4786
2304,4773
691,4750
1609,4730
2044,4718
1209,4704
2646,4679
3965,4675
3218,4658
3304,4653
2243,4635
4012,4627
1602,4604
3358,4595
3062,4568
2671,4564
3951,4563
3622,4540
3869,4534
1568,4505
76,4486
1238,4464
2377,4454
3369,4436
3720,4434
3973,4425
2125,4411
3431,4402
2918,4389
3059,4362
1824,4358
3611,4346
1803,4339
2045,4331
2828,4310
194,4288
2956,4276
626,4271
4005,4270
1607,4268
2411,4265
3194,4264
3407,4262
3080,4260
2845,4257
3040,4248
2921,4239
1159,4236
2345,4229
1995,4213
1833,4198
849,4178
3475,4175
3557,4141
3116,4139
1656,4138
1625,4112
3056,4090
3983,4075
2860,4061
2668,4033
223,4032
310,4025
8,3998
2332,3985
3868,3971
3219,3966
488,3962
3210,3953
2716,3922
666,3919
2401,3913
2325,3898
1878,3898
1060,3897
3552,3861
1662,3856
2819,3822
1122,3822
2775,3812
2190,3784
11,3782
1255,3778
2407,3772
645,3760
2840,3756
3426,3752
3588,3749
2945,3747
1729,3729
91,3726
1605,3721
3134,3717
3499,3711
1449,3708
1058,3698
2882,3688
2095,3687
1812,3679
2871,3676
1793,3675
3372,3664
528,3645
748,3633
1064,3614
3127,3613
874,3581
1216,3573
1764,3558
1811,3544
2717,3541
712,3537
156,3528
717,3528
527,3520
2833,3519
55,3518
3721,3516
2041,3511
187,3487
753,3459
2675,3432
1049,3427
2321,3413
632,3402
2500,3380
3589,3378
800,3371
1635,3369
621,3367
2008,3367
1160,3350
215,3349
90,3343
2453,3330
2914,3326
1690,3325
4004,3323
1250,3317
1972,3316
2016,3305
2331,3294
2039,3291
3383,3285
1234,3277
3986,3275
555,3269
2553,3269
1051,3268
778,3264
3767,3252
3977,3250
631,3249
1438,3217
2837,3186
1632,3183
2489,3176
3597,3167
781,3164
2617,3157
466,3153
1579,3145
2557,3140
623,3138
2586,3134
2711,3120
1822,3096
1050,3087
1853,3081
624,3076
2841,3071
755,3070
2397,3063
2877,3062
1802,3054
80,3054
2952,3054
1792,3046
3618,3042
1661,3039
2911,3038
1330,3016
1235,3012
2498,2991
3397,2974
2336,2955
2879,2954
1902,2950
1726,2939
205,2928
3146,2926
1214,2919
3814,2918
1731,2915
42,2914
2220,2910
3605,2910
3600,2903
2477,2903
3370,2892
1924,2892
769,2857
2773,2851
2030,2848
2954,2847
1441,2845
34,2845
2131,2839
3193,2839
1478,2828
3962,2827
2121,2821
463,2806
1986,2803
1931,2791
2082,2786
1121,2779
3053,2778
1647,2777
3966,2775
3189,2770
838,2764
3862,2750
3708,2748
3213,2745
3036,2741
203,2730
1185,2729
464,2728
136,2721
1659,2719
3681,2707
768,2704
3866,2699
3235,2698
2135,2694
3061,2693
1233,2692
1331,2679
3214,2671
141,2668
2487,2667
2886,2662
627,2654
3139,2653
1743,2647
12,2643
1703,2633
808,2633
2340,2630
2783,2629
1431,2628
596,2628
2961,2626
2001,2619
2503,2615
4030,2606
3063,2601
3565,2600
2955,2584
3637,2572
2513,2572
3440,2567
218,2551
2052,2544
3764,2538
3176,2536
2934,2525
715,2523
224,2516
37,2510
1257,2506
2895,2504
2212,2498
718,2492
2739,2492
3227,2483
3619,2477
2132,2472
1873,2465
3035,2463
1491,2462
2349,2460
2839,2458
3216,2455
3709,2453
2119,2451
236,2451
809,2451
2847,2450
3950,2450
2862,2444
754,2443
3155,2441
3479,2440
1215,2438
1495,2434
3626,2428
2130,2427
1629,2413
2614,2409
2399,2406
2645,2406
158,2399
2354,2396
1025,2394
2215,2391
3736,2381
3378,2379
3029,2372
3686,2370
3195,2370
1145,2368
3442,2367
2759,2365
2371,2352
2665,2350
27,2346
2722,2344
1373,2338
2004,2325
3899,2324
918,2321
3225,2315
2134,2297
522,2293
1741,2292
1307,2289
3562,2288
842,2287
3158,2286
2400,2286
2581,2283
786,2283
1078,2281
2766,2280
3970,2276
3082,2260
3178,2255
3556,2250
241,2244
774,2235
2003,2232
3617,2228
3376,2227
2322,2223
1246,2210
2857,2206
3476,2201
2948,2200
3258,2199
3713,2199
230,2197
2356,2194
3089,2192
711,2189
137,2179
1676,2163
2351,2155
1783,2154
266,2153
3051,2152
2083,2149
2912,2138
1470,2135
472,2131
3728,2129
3090,2128
1675,2121
2022,2118
1143,2114
3615,2104
3982,2100
557,2099
840,2098
1871,2094
2440,2091
3290,2090
3914,2090
2,2089
111,2088
2314,2088
2341,2087
2852,2081
1085,2076
3677,2066
2137,2065
2346,2065
2124,2064
3084,2063
2863,2058
3266,2058
3616,2052
2355,2050
3963,2050
330,2048
759,2047
661,2043
2206,2042
3143,2036
1081,2035
465,2035
600,2035
3501,2034
4026,2030
1068,2027
2324,2022
1655,2018
3603,2018
1205,2016
13,2014
2353,2012
1782,2009
803,2007
3628,2005
3561,2001
1862,2000
52,1998
1429,1992
1171,1991
2932,1991
2798,1983
1374,1982
708,1982
719,1980
1781,1979
3815,1979
3110,1975
1048,1972
1624,1969
3857,1968
3136,1964
1634,1958
1181,1957
523,1955
1865,1954
2522,1954
3443,1951
3988,1950
437,1948
1247,1945
1830,1945
3323,1942
3343,1940
1161,1937
1217,1924
1985,1924
1998,1923
885,1917
2514,1911
2464,1907
935,1906
1851,1902
1919,1900
2703,1887
85,1885
1333,1884
1232,1881
3971,1875
2802,1874
1657,1873
1651,1871
1642,1871
3055,1870
1852,1870
3347,1869
3703,1867
3350,1860
1104,1860
3083,1859
635,1858
764,1857
3613,1853
1694,1851
3954,1850
2922,1850
14,1849
331,1848
328,1848
551,1847
3334,1843
3135,1842
2854,1841
1533,1840
1309,1838
3604,1836
3065,1836
2662,1835
2924,1832
1448,1825
2192,1823
756,1821
1695,1816
2040,1816
1712,1815
1101,1813
2836,1813
2830,1808
3157,1802
3956,1800
3395,1800
634,1798
613,1796
3280,1791
3038,1788
1046,1784
2242,1783
39,1782
3710,1781
2702,1780
3689,1775
3161,1775
2869,1774
134,1772
1693,1771
1855,1770
3935,1768
1765,1765
2942,1764
593,1764
3510,1763
1425,1762
96,1762
1377,1753
972,1751
3722,1750
160,1749
662,1748
3064,1746
3034,1746
760,1744
1850,1742
2037,1740
667,1739
3924,1734
311,1730
2687,1730
2442,1729
2128,1718
423,1718
212,1717
2365,1715
2880,1714
2038,1713
1715,1712
526,1712
2835,1711
1617,1710
36,1706
2457,1702
971,1701
2053,1701
2928,1701
2402,1698
894,1696
1908,1696
2136,1695
3610,1693
710,1688
716,1688
2861,1686
1201,1684
3812,1680
558,1678
521,1673
386,1666
3137,1665
1692,1665
3259,1664
3041,1663
2674,1661
3366,1660
1062,1657
3119,1654
3377,1654
3085,1651
1239,1648
3818,1644
1691,1643
174,1642
3823,1640
3751,1633
3177,1631
1589,1630
1124,1630
594,1630
56,1627
3104,1626
7,1621
714,1621
2357,1617
35,1615
2330,1614
2804,1612
2874,1608
3892,1608
780,1603
2552,1602
1052,1595
57,1595
3480,1594
2953,1593
3742,1593
1253,1592
3491,1590
807,1587
3859,1586
1749,1583
1854,1580
3516,1577
3263,1576
3968,1575
3394,1574
2282,1574
744,1573
1881,1571
3761,1571
2926,1571
765,1570
633,1569
3712,1563
2708,1560
273,1560
421,1560
3026,1558
1026,1553
316,1551
2689,1551
1027,1548
2020,1547
706,1545
2788,1543
1361,1541
3411,1538
92,1538
776,1538
622,1536
1194,1536
3701,1535
2148,1533
3916,1532
2316,1531
3052,1529
64,1522
343,1517
720,1514
1248,1511
1073,1511
636,1506
2441,1505
2705,1501
2820,1499
3072,1498
2091,1495
2913,1494
2237,1492
973,1492
771,1489
3614,1489
2347,1488
1381,1482
2342,1474
1870,1473
63,1471
2811,1471
2849,1469
2113,1464
2888,1461
2850,1458
2085,1454
461,1451
2378,1449
2218,1448
1036,1446
2710,1438
3572,1436
841,1436
2684,1435
2117,1434
3627,1430
2217,1427
2496,1424
950,1423
3881,1422
2184,1422
1757,1419
1056,1418
3517,1418
1339,1416
1182,1414
3595,1413
324,1411
1341,1409
679,1404
658,1399
619,1399
1252,1397
3303,1395
3707,1394
2517,1392
2884,1392
1226,1391
2475,1390
3357,1390
2181,1390
2985,1386
2050,1386
547,1382
1344,1382
1401,1381
250,1377
1070,1376
242,1374
3678,1374
2471,1368
3019,1368
3482,1368
3711,1364
3902,1364
2885,1362
2081,1361
1280,1360
1559,1360
2809,1358
2612,1357
337,1357
1750,1356
2919,1355
2796,1349
1735,1349
3817,1341
1975,1340
1009,1339
565,1337
961,1335
816,1332
1939,1327
3987,1325
1592,1322
277,1322
3690,1321
3620,1320
3339,1318
86,1317
2501,1316
921,1315
2704,1315
3179,1311
1610,1310
2916,1307
3957,1300
701,1296
1733,1296
2307,1296
1869,1296
530,1295
3070,1294
1236,1294
777,1293
2786,1290
2114,1290
2092,1290
1933,1289
3074,1289
3344,1288
2929,1288
2814,1288
1200,1288
1395,1286
3906,1283
3816,1280
303,1278
767,1274
1903,1273
1084,1272
2725,1272
1376,1270
1380,1269
19,1266
313,1266
603,1265
1453,1265
3919,1265
1494,1264
797,1264
2062,1261
3865,1260
2459,1259
3106,1253
240,1252
2947,1252
1311,1252
2112,1251
3976,1250
954,1249
533,1248
2792,1245
3060,1244
3774,1236
3488,1235
3273,1234
3535,1233
3305,1231
2090,1230
999,1227
2925,1226
2611,1225
2115,1225
2978,1222
2054,1222
3498,1220
3643,1220
1336,1220
2771,1218
1086,1216
3092,1215
1637,1215
1615,1215
2405,1213
2172,1212
2047,1212
1889,1205
3594,1204
2327,1200
1254,1199
1400,1199
1858,1199
1984,1198
1719,1198
2214,1197
2960,1196
2376,1195
2495,1192
338,1192
534,1190
749,1188
709,1186
837,1186
3200,1184
1173,1184
867,1183
4009,1183
1531,1183
2051,1176
3636,1175
2333,1175
1367,1173
1006,1171
3165,1171
1379,1170
400,1170
625,1170
2931,1167
2696,1166
1640,1163
3066,1159
3175,1158
1065,1157
46,1154
2149,1153
3598,1152
3746,1151
1108,1144
3262,1143
220,1142
2202,1142
53,1141
1451,1141
2832,1140
3478,1139
2392,1138
388,1132
1158,1131
2049,1130
1265,1129
2060,1127
3315,1126
3974,1125
3685,1123
1917,1120
3444,1118
2183,1108
2904,1105
1392,1104
1044,1104
1701,1102
232,1102
3502,1101
787,1101
190,1100
3528,1098
3275,1098
2930,1091
2963,1090
3907,1088
2118,1088
1614,1085
1016,1082
1140,1080
2566,1080
802,1079
1083,1079
3756,1079
940,1078
1111,1078
3371,1076
3975,1075
58,1075
1206,1074
571,1071
3021,1070
41,1068
1929,1064
2043,1063
2920,1059
2673,1058
3151,1058
976,1057
3186,1054
3346,1054
2275,1049
3107,1048
2452,1046
2456,1046
2398,1044
2133,1040
258,1040
3252,1040
1346,1038
335,1038
520,1038
3494,1036
93,1034
2289,1032
3702,1032
3802,1031
3447,1030
2358,1029
2790,1027
3492,1026
1678,1025
1202,1025
3087,1024
2499,1023
799,1022
707,1020
588,1017
2510,1016
467,1016
1762,1015
1460,1014
88,1014
1654,1013
1560,1011
2801,1010
478,1010
2203,1010
1489,1010
995,1008
1918,1008
2691,1008
3379,1008
3960,1000
95,1000
2815,998
785,997
847,996
2484,993
1582,990
1724,983
1240,982
3351,981
3341,981
2244,980
1335,977
675,977
407,976
485,975
931,975
327,975
2844,974
3220,973
3592,970
210,970
2454,969
1709,969
2273,968
1305,966
1370,965
3852,963
713,962
3789,960
3799,958
947,951
1189,948
225,948
1190,947
2723,946
1668,942
1407,941
2829,936
2813,935
1080,935
948,935
2938,934
2887,929
1672,928
3607,926
1412,926
1809,925
1907,925
818,925
3833,924
730,921
1820,921
969,920
3390,920
1219,920
1369,918
531,918
3410,917
1511,916
3097,915
3385,915
254,915
741,914
887,914
3903,912
1204,912
883,911
2035,911
3388,911
3123,908
418,907
1028,904
1492,902
3071,901
3201,900
1639,900
835,899
77,896
50,893
3524,891
1157,890
2984,888
267,887
176,887
3723,886
2455,882
3835,882
48,880
1063,880
1481,880
2462,878
979,876
256,876
2701,876
1683,874
1347,874
2094,874
3396,873
1916,873
3336,870
1808,867
3830,866
263,866
1769,866
3405,865
1461,865
2509,864
1303,863
2056,863
1355,859
2991,853
562,851
1915,848
536,847
3700,845
731,843
1244,842
2116,840
2283,840
1131,840
2607,839
68,839
125,838
2168,838
3872,837
2150,837
1527,837
891,837
2822,837
1207,836
965,835
2216,833
1704,833
1843,831
2048,831
2057,830
4008,830
1595,829
1898,829
3523,829
1103,828
1243,828
1737,827
1748,827
3228,826
131,825
578,824
3718,823
1752,823
2580,823
1437,822
3546,822
2989,821
3792,821
3905,820
1616,817
1245,817
294,816
751,816
307,816
3667,815
3212,815
2042,814
3162,812
3696,812
500,811
772,811
951,811
1162,810
2111,809
2851,807
2905,807
3018,805
668,804
3926,804
2864,801
3140,800
1459,798
795,798
1242,796
1859,796
3174,795
1627,794
259,792
664,791
2142,789
3537,788
1128,784
3933,784
3699,784
3904,782
745,779
278,778
3752,778
553,778
3632,778
783,776
3198,775
276,774
1899,774
1179,774
268,774
2497,774
2868,772
3586,772
143,771
1454,770
1366,769
1123,767
1677,766
2337,765
2435,765
3541,764
188,764
1711,763
3166,762
1585,762
1433,761
3633,761
3058,760
1810,760
4013,760
2769,760
1909,759
29,759
3673,758
659,757
936,756
270,755
1477,755
70,755
964,753
3384,752
3582,751
892,750
1348,750
6,749
3497,748
3105,748
2281,745
784,745
3581,745
1350,743
3768,741
3159,739
2898,739
394,739
2120,738
839,738
2957,737
319,736
1310,735
3251,734
3489,732
1861,731
1413,730
1512,729
1061,729
727,728
2709,728
2966,728
1697,728
3352,727
2962,726
3599,726
518,725
1619,724
3887,723
3719,722
1224,722
2805,722
1045,722
663,721
3778,719
700,719
1444,714
1030,713
1167,711
3408,710
3912,709
32,707
736,705
1875,705
3717,703
1017,703
2597,702
1747,701
2917,700
3955,700
1059,700
3025,700
3894,695
379,695
342,694
381,692
801,692
3893,692
3425,691
2444,690
1636,690
1763,689
3804,688
3858,687
3754,687
3270,687
843,684
3836,684
2186,684
1000,684
306,683
1082,679
1473,678
2677,677
40,676
724,676
3997,676
260,673
3925,672
1996,670
2599,670
3202,669
3238,669
3874,669
2933,668
459,666
3536,666
657,665
3938,665
2075,662
2436,662
3509,661
3964,660
2658,660
1177,659
674,657
726,656
44,652
677,651
3373,648
237,646
1349,646
4017,646
1241,645
3787,644
427,644
322,643
2151,642
3596,642
208,640
2637,639
309,639
28,637
157,635
566,633
79,631
2127,630
4006,630
962,629
2816,629
2071,628
1351,627
539,626
3153,626
1670,626
3277,626
3184,624
2058,624
1807,623
3875,622
504,622
1328,621
2087,619
1352,618
3389,618
320,617
1055,614
3197,613
3152,612
912,612
2866,612
3670,609
685,607
1390,604
873,602
1175,602
628,602
1938,600
1594,600
737,598
3355,598
3780,597
290,596
925,595
1945,595
3081,595
1971,595
3185,594
1228,594
721,592
655,590
3027,589
1622,587
3449,587
3414,587
2163,587
1130,587
1001,586
2927,585
357,585
3560,585
3929,583
1742,582
1126,580
766,580
3538,579
3455,578
665,578
3750,578
3423,577
2167,575
1353,575
2287,573
1493,573
4011,573
2448,573
334,572
2782,571
3706,571
2838,569
1641,569
1047,568
2279,566
725,566
1993,566
1760,566
171,565
1896,564
219,564
2875,564
3927,563
3188,563
660,561
3088,560
1110,560
257,560
1756,560
3413,558
1148,558
1884,557
743,557
1365,557
1156,556
1648,555
1927,554
347,554
2277,553
758,552
2488,552
297,552
2650,551
1371,550
1362,549
3030,549
1345,543
1524,542
1227,542
1780,541
3621,541
1066,541
2096,540
1806,540
1178,539
3356,538
542,537
1479,537
656,537
602,537
3909,536
4020,535
3669,534
852,534
3542,533
1940,533
1587,532
2298,532
1766,531
3453,530
229,529
2976,528
2350,528
928,528
1734,527
1723,527
3359,526
1149,524
3205,522
963,521
1943,521
567,519
2964,519
226,519
3256,518
1932,518
323,518
3485,518
1480,516
2276,516
2983,516
1221,514
646,513
3693,513
680,513
126,511
2846,510
1105,510
1663,510
202,509
2159,507
2412,507
1891,507
2146,506
639,506
2093,505
3569,504
1089,503
22,503
1767,502
2776,502
3821,502
3008,502
366,501
1106,501
815,501
608,501
2451,500
2278,499
3023,498
393,498
1487,497
133,495
563,495
3014,493
3500,493
3017,491
234,490
2309,489
33,489
3684,488
2097,488
452,488
3183,487
762,486
3247,486
511,485
2432,485
1152,484
559,483
2485,483
2450,483
2312,481
1722,479
291,478
592,477
916,477
3590,477
1097,477
2679,477
515,475
3120,475
3794,474
198,474
1440,474
2426,471
2720,471
509,471
2434,471
69,470
2476,469
2089,469
302,469
2169,469
244,467
3571,467
2123,465
2853,464
1588,463
1354,462
3067,462
3115,462
2288,461
3224,459
405,459
2778,459
1154,458
312,458
722,458
2800,457
782,457
512,457
238,455
2295,455
2604,455
1863,454
676,453
1483,453
529,452
1633,452
3243,452
607,451
382,451
67,450
3439,449
3278,448
495,448
1033,448
683,447
956,447
3674,447
2719,445
3534,445
129,445
1667,443
1922,443
2438,443
3250,443
3000,443
2507,442
192,441
449,439
705,439
108,438
3403,437
3663,437
2410,437
1551,437
1710,437
2512,436
2550,436
329,436
1885,435
2391,435
2781,435
1714,434
1337,434
1168,434
3261,434
2810,434
332,433
3882,433
1728,432
373,432
649,431
1196,428
413,427
434,427
431,426
1067,426
3683,425
644,425
2729,423
2973,423
650,422
1186,422
2613,422
1211,421
2406,420
938,419
1888,419
1024,419
1887,419
2511,417
3180,417
3362,416
896,416
2472,415
3840,414
2873,414
561,413
2449,412
1197,411
2763,410
1886,410
1218,410
2958,409
1447,409
3002,408
481,408
1012,408
3048,407
3337,406
101,405
1999,405
1107,405
1136,405
2872,405
1935,404
3672,403
2445,402
2718,402
3642,402
686,400
1184,398
1271,396
1544,395
1696,394
1925,394
1759,393
3124,393
1772,393
2712,392
17,392
3382,391
3714,391
318,390
3427,389
2069,388
3049,388
1176,388
3044,387
3687,386
1528,386
2122,386
740,385
3668,385
3716,385
2299,385
1223,384
2941,384
2910,384
1399,382
957,382
1325,381
3299,381
401,376
3981,375
3959,375
647,375
637,374
245,374
1934,372
1368,372
2389,372
729,370
3908,369
184,369
140,367
2987,365
2301,365
3422,365
3284,364
1283,363
2140,363
514,363
2296,362
682,362
3171,362
43,362
517,361
1926,360
750,360
2246,360
475,360
1738,359
3661,359
1133,358
3765,358
1150,357
2726,357
3253,357
2447,356
866,355
228,355
196,355
3267,355
1010,354
742,352
490,352
3629,352
1664,351
2909,350
424,350
1079,349
1484,349
1230,349
1129,348
2161,348
3231,348
2386,348
1883,347
2421,347
3473,346
3374,346
2180,345
1069,343
2466,342
2902,341
3555,341
2843,340
3236,339
2493,338
3566,338
1801,338
3046,337
2694,337
519,336
692,336
1301,336
974,336
1113,336
2777,335
2193,334
3148,334
3785,334
728,333
2002,333
2068,333
2245,332
814,331
3697,330
587,330
1405,329
2431,329
1476,329
1005,328
3834,328
3559,328
3547,327
1053,327
2793,327
2834,327
3585,327
3808,326
1397,326
2065,326
2842,326
1713,326
3512,325
3006,324
3854,324
913,324
1860,324
638,323
3239,323
3,322
2368,322
934,321
3790,321
3199,320
630,320
2179,319
1650,319
1032,318
2780,318
2379,317
1375,317
1087,317
3318,316
2975,315
577,315
2305,315
2446,314
1151,312
2064,312
1139,311
980,311
1195,311
3795,311
2110,310
2491,310
1790,309
264,308
580,308
2587,307
1342,307
460,307
3451,306
107,305
3759,305
3160,304
832,304
3584,303
3398,303
1114,303
3763,303
3921,303
2826,302
2460,302
537,302
1553,302
538,301
2009,301
3883,301
78,301
3182,300
3531,300
2915,299
2707,298
2848,298
3936,297
2076,297
2437,296
2443,296
1643,296
3837,296
813,296
2714,296
2730,295
525,295
175,295
2158,294
1115,294
60,294
1689,293
1109,292
3138,292
1583,292
3554,292
2663,291
3549,291
457,291
1580,291
3662,291
844,291
1155,291
1364,290
59,290
834,289
1496,288
3255,288
1088,287
2147,286
170,286
798,285
966,283
1225,283
2548,281
3937,280
201,279
3931,278
3342,278
2105,277
3400,277
3289,276
2157,275
4019,275
3533,274
1618,274
3477,274
62,272
3319,272
959,272
3045,271
2751,271
2381,271
2303,270
2034,270
3625,270
1685,270
648,270
3991,270
1845,269
3468,268
2320,268
990,267
178,267
3118,267
191,267
161,267
2803,267
2779,266
2046,266
117,266
2171,266
3847,265
271,265
477,263
1490,262
2765,262
2643,261
3001,261
121,261
1422,260
734,260
1525,260
2937,260
614,260
513,259
952,259
3624,259
2428,259
261,258
1612,258
1222,257
89,256
1720,256
1578,256
3164,255
1220,255
1708,255
2908,255
3848,254
1895,254
3169,253
3813,253
3507,253
1057,253
1034,252
1008,252
305,252
3260,252
2903,252
3996,251
1424,250
2683,250
516,250
128,250
854,249
3888,249
3114,248
4025,248
1988,248
3580,248
3463,247
552,246
1906,246
2403,246
2907,245
3450,244
1652,244
1003,244
3203,243
2199,243
2308,243
3192,243
3109,242
2311,242
2126,242
3024,241
3108,241
3068,241
929,241
2165,240
2590,240
3850,238
576,238
735,237
3486,237
1707,235
2900,235
2824,235
3112,235
235,233
548,233
2596,232
1203,232
1868,232
471,231
2556,231
2198,231
3264,231
3032,231
2213,231
1897,231
3800,229
3368,229
1385,229
3242,229
1387,229
3918,228
469,228
2070,228
1388,228
1321,228
958,227
3484,227
3939,227
3807,227
2352,226
3731,226
2006,225
3490,225
2178,223
1498,223
3522,222
2638,222
3013,222
1170,221
132,221
3007,221
87,221
1146,221
3462,221
629,220
2644,220
3464,220
796,220
3401,220
1147,219
1797,219
3769,219
1415,218
546,218
1815,217
1423,217
2473,217
3630,217
2174,216
761,216
819,216
61,216
616,216
699,215
231,215
16,214
455,214
583,213
3940,213
3532,213
1671,213
159,212
1600,212
2195,211
1302,211
2981,211
3796,210
3664,210
21,210
1646,210
3797,209
1443,209
1736,209
2200,209
346,209
2490,208
919,208
1705,207
893,205
2205,205
544,205
3809,205
2107,204
2486,204
586,204
3766,203
2482,203
3276,203
2390,202
2621,202
806,202
1773,202
3241,201
3755,201
3285,201
367,201
1548,201
3969,200
3646,200
3608,200
2019,200
1135,199
2492,199
1601,199
1421,199
2897,198
3932,198
3530,197
3508,197
3415,196
3302,196
214,196
2588,196
2393,196
2808,195
868,195
3240,194
1237,194
1004,193
598,193
2567,193
1744,193
2706,193
1404,193
890,193
1188,192
3131,192
1014,192
3543,192
1920,192
2270,192
2318,191
831,191
130,191
2036,190
1849,190
2623,189
2899,188
609,188
2627,187
1038,187
821,187
2506,187
1127,187
1474,186
2520,186
1308,186
3421,185
2951,185
554,185
2626,185
3163,185
2067,184
3168,183
3283,183
560,183
325,183
3544,182
1329,181
924,181
3563,180
1573,180
1180,180
694,179
3257,179
124,179
733,179
2191,178
3839,178
3454,177
3113,177
2313,177
1911,177
1946,177
937,176
1011,176
3521,176
2680,176
604,175
2827,175
3229,174
851,174
1007,174
1042,174
684,173
416,172
3391,172
510,171
1937,171
1270,171
732,170
3849,170
1989,169
1513,169
1134,169
1391,168
2534,168
2589,168
3191,167
1258,167
1546,167
3514,167
1778,166
3345,165
1153,165
3855,165
299,165
997,165
1455,165
2372,164
3801,164
3387,164
3419,164
1013,164
462,164
207,163
2154,163
3190,163
1040,162
47,162
122,162
479,161
1482,161
3867,161
1547,161
601,161
3349,161
2505,161
25,161
1688,160
653,160
3223,160
2155,160
574,160
1519,160
1576,160
3634,160
2430,160
2395,159
3142,159
1408,159
2530,158
24,158
370,158
114,158
1574,157
404,157
1597,156
1313,156
3803,156
545,155
1700,155
879,155
2575,155
2795,155
1284,155
1682,155
2302,154
591,153
1584,152
2394,152
1994,152
2170,152
3079,151
2145,151
3470,150
1754,150
1132,150
102,150
442,149
3418,149
468,148
1563,148
3367,148
3786,148
1436,148
3102,147
1164,147
470,147
1120,147
1475,147
1942,147
4033,147
564,146
704,146
3321,146
2429,146
1324,145
3150,145
3553,145
917,145
368,145
3805,144
3741,144
2789,144
3591,144
2268,143
1835,143
2196,143
865,143
1208,143
3015,142
295,142
3640,142
1430,141
871,141
597,141
2595,140
280,140
977,140
3438,140
2144,140
2293,140
4010,139
1504,139
2000,139
1779,139
2635,139
371,138
3645,138
1319,138
74,138
73,138
822,138
2533,137
376,137
2033,137
1753,137
2655,136
2175,136
2078,136
747,135
2538,135
429,135
3244,135
2433,134
3828,134
3877,134
643,134
696,134
1071,134
2936,133
1356,132
869,131
3474,131
3675,131
486,131
1539,130
3433,130
1846,130
3406,129
3576,129
3465,129
1992,128
1499,128
2577,128
2502,128
2698,128
3777,127
2608,127
1771,127
1785,127
2080,127
914,127
3399,127
3126,126
3268,126
1564,126
115,126
2889,126
1620,125
2618,125
1565,125
3452,125
3688,125
439,124
582,124
71,124
3297,123
672,123
568,123
3811,122
177,122
3086,122
1631,122
532,122
2306,121
1015,120
1317,120
1590,120
1606,120
3003,120
2970,119
1529,119
1842,119
817,119
1798,119
1882,119
3234,119
915,118
3791,118
1673,118
2939,117
1072,117
2558,117
1471,117
2240,116
2561,116
1784,116
1285,116
26,115
2619,115
298,115
109,114
599,114
1755,114
1730,113
949,112
3167,112
3822,112
2812,112
1418,111
922,111
211,111
4,111
3435,111
3417,110
775,110
392,109
227,109
2524,109
3897,109
3432,109
1936,109
3429,109
1396,108
3529,108
2935,108
1112,108
1213,108
3020,108
1660,108
927,108
2688,107
113,107
1249,107
458,107
2375,107
3409,107
2416,106
2661,106
233,106
3028,105
1267,105
341,105
1290,105
1414,105
1099,105
535,105
2733,104
2207,104
1538,104
2387,104
2628,103
2896,103
3458,103
3641,103
670,102
3564,102
3715,102
2690,101
1542,101
2508,101
794,101
296,101
2059,101
2152,101
3437,100
2474,100
3989,100
3949,100
3984,100
757,99
417,99
2420,99
2241,99
850,98
2641,98
2695,98
2160,98
1411,97
179,97
939,96
2940,96
2108,96
652,96
1435,96
3172,96
358,96
1486,95
2601,95
378,95
204,95
118,95
3269,95
790,95
792,94
3100,94
1118,94
2785,94
3870,94
2380,93
681,93
3392,93
3363,93
1516,93
1138,92
3217,92
1427,92
1338,92
3326,92
2272,92
1596,92
3043,91
3324,91
2005,91
443,91
978,90
2072,90
910,90
2760,90
3550,90
3793,89
2992,89
1163,89
1813,89
2756,89
2396,88
1500,88
1125,87
3513,87
1318,87
483,87
3098,87
3806,87
2625,86
398,86
221,86
1322,86
3798,86
397,85
3930,85
907,85
65,85
2700,85
3744,85
1320,84
1550,84
2743,84
2261,83
2143,83
2549,83
2574,83
2632,82
3076,82
1018,82
441,82
2425,82
3360,81
3404,80
2164,80
1874,80
4032,80
2300,80
1515,80
2616,80
3245,79
2731,79
2260,79
2264,79
2238,79
3111,78
1428,78
2797,78
3885,78
2166,78
824,78
3103,78
1789,78
3519,78
1848,78
1866,78
2986,78
119,78
2262,78
1914,77
1921,77
3354,77
2998,77
293,77
301,77
3249,77
3173,77
3496,77
1566,76
499,76
1116,75
1593,75
2263,75
2504,75
3317,75
2317,75
3993,75
2950,75
2600,75
3548,74
2088,74
2265,74
585,74
2736,74
2713,74
3727,74
3232,74
3732,74
549,74
3416,74
292,73
3651,73
654,72
2594,72
3456,72
1981,72
3460,72
1680,72
3779,72
2326,72
2547,72
247,72
2458,72
3504,71
945,71
2568,71
3077,71
789,70
968,70
289,70
2259,70
3149,70
1358,70
2024,70
886,70
901,70
1774,70
3679,70
2141,70
1417,69
2525,69
3539,69
484,69
2424,69
3820,69
2248,69
1630,69
399,69
2271,69
1488,69
3635,68
2269,68
1021,68
285,68
2758,68
4002,68
1269,68
1340,67
3353,67
2162,67
380,67
3307,66
2266,66
3575,66
1268,66
197,66
859,66
2249,66
3511,66
943,66
1020,66
3520,65
1212,65
3078,65
3737,65
3215,65
3740,65
189,64
3069,64
791,64
573,64
3570,64
1923,64
356,64
216,64
3338,64
3436,64
402,64
2571,63
410,63
1541,63
2374,63
2267,63
1649,63
1947,63
944,63
3551,63
2258,62
2636,62
3101,62
2685,62
1973,62
3469,62
2494,61
377,61
1969,61
3096,61
3361,61
1382,61
1289,61
3639,61
2740,61
3753,60
3726,60
2029,60
3748,60
804,60
396,60
556,60
810,60
2098,59
2715,59
2515,59
1287,59
3481,59
4024,59
75,58
2007,58
1941,57
579,57
589,57
105,57
2385,57
888,57
406,57
1306,57
615,57
3506,56
3246,56
1674,56
2651,56
456,56
3420,56
2256,56
820,55
206,55
669,55
45,55
2251,55
3075,55
3233,54
3644,54
2239,54
2562,54
1098,54
1276,54
2031,54
1037,54
2253,54
2292,54
352,53
2247,53
1847,53
2656,53
3301,52
2255,52
2257,52
3467,52
2906,52
641,52
2799,52
1540,52
2559,52
1949,52
2250,52
112,52
3340,52
3037,52
2654,52
2666,52
2254,51
411,51
3279,51
3466,51
1958,51
282,51
1023,51
489,51
2176,50
4000,50
3972,50
3145,50
2794,50
1844,50
1892,50
3577,50
1732,50
3296,50
2415,50
3952,50
1191,49
288,49
1686,49
279,49
3412,49
2467,49
1304,49
2855,48
2138,48
315,48
3050,48
3325,48
2232,48
364,48
3095,48
1144,48
2742,47
826,47
2252,47
3692,47
2323,47
420,47
2310,47
1957,47
3860,47
1505,47
1275,47
3990,47
941,46
2657,46
2592,46
2901,46
1537,46
4015,46
3593,46
1199,46
1758,46
3781,46
2079,46
165,45
251,45
610,45
3831,45
3995,45
162,45
494,45
2967,45
3300,45
2727,45
2732,45
340,44
970,44
1775,44
1894,44
1876,44
2825,44
3871,44
428,44
66,43
678,43
3631,43
3375,43
409,43
870,43
860,43
3895,43
1800,43
2177,43
3386,42
836,42
3141,42
2591,42
3545,41
15,41
1343,41
693,41
283,41
2752,41
3650,41
3424,41
1951,41
1532,41
3209,41
2894,41
1964,40
5,40
1300,40
825,40
2653,40
606,40
3144,39
960,39
2315,39
3010,39
1950,39
595,39
2109,39
3434,39
828,38
3042,38
2563,38
1141,38
412,38
2519,38
3842,38
1274,37
1799,37
3659,37
1814,37
3428,37
1363,37
2892,36
2481,36
3004,36
829,36
3819,36
1039,36
2598,36
1976,36
612,36
1019,36
3680,36
355,36
923,36
1281,36
1857,36
1638,36
1856,36
72,36
480,35
2770,35
770,35
3776,35
3739,35
858,35
2297,35
2859,35
3322,35
2999,35
286,34
498,34
702,34
1953,34
3758,34
3889,34
1569,34
695,33
3402,33
642,33
788,33
3295,33
4003,33
2073,33
2367,33
1022,33
3733,33
2821,32
2527,32
3093,32
1277,32
1282,32
482,32
3129,32
905,32
436,32
3760,32
2579,32
3738,31
508,31
902,31
2737,31
3609,31
308,31
163,31
1554,31
3505,31
120,31
3483,31
752,30
1312,30
142,30
3757,30
3457,30
884,30
419,30
863,30
1890,29
3676,29
1864,29
2194,29
473,29
2593,29
1389,29
2531,29
1503,29
2461,29
415,29
173,28
3998,28
2106,28
2541,28
3825,28
853,28
1962,28
1100,28
2221,28
2640,28
2968,28
2980,28
54,27
1959,27
880,27
106,27
1410,27
167,27
1327,27
1913,27
2483,27
199,27
611,27
3147,27
1591,27
200,27
1577,26
3704,26
1535,26
2419,26
3574,26
1718,26
1978,26
1611,25
983,25
2465,25
1955,25
1706,25
3948,25
3154,25
4031,25
3745,25
882,25
3958,25
3503,25
2236,25
3016,25
1273,25
1791,24
3515,24
1360,24
3898,24
703,24
1326,24
326,24
723,24
3012,24
1944,24
3838,24
2231,24
1575,24
2086,24
2971,24
4027,24
31,24
1166,24
445,24
2570,24
911,24
3274,24
345,24
1980,24
1434,24
333,24
2633,24
2156,24
103,24
1572,23
1372,23
1956,23
3771,23
3824,23
2291,23
1788,23
3999,23
1272,23
930,22
3308,22
1323,22
317,22
3286,22
1599,22
1987,22
2173,22
147,22
1954,22
3527,22
2366,22
2077,22
3856,22
1076,22
1901,22
2569,21
2791,21
4016,21
793,21
3306,21
3654,21
982,21
350,21
955,21
153,21
3788,21
287,21
2605,20
3735,20
1543,20
446,20
148,20
640,20
3994,20
1183,20
2201,20
493,20
3826,20
2223,20
430,20
1699,20
1278,20
2630,19
3583,19
3657,19
2529,19
3946,19
1777,19
193,19
3876,19
1879,19
4014,19
3039,19
1514,19
1558,19
904,19
3381,19
3294,18
1314,18
1497,18
2754,18
3282,18
1960,18
3312,18
1928,18
2540,18
909,18
1315,18
2422,18
195,17
2693,17
1545,17
2817,17
369,17
339,17
1990,17
3313,17
3573,17
3310,17
3653,17
2652,17
2383,17
1702,17
408,17
1093,17
855,17
3884,16
2382,16
84,16
1872,16
1912,16
4001,16
3656,16
570,16
2747,16
1393,16
1394,16
1991,16
375,16
1522,16
848,16
284,16
3691,16
3380,16
3187,16
1074,16
2806,16
3773,16
2104,16
2818,16
3459,16
1552,16
779,16
1142,16
2959,16
897,15
372,15
1359,15
3942,15
1298,15
3992,15
1877,15
3827,15
2606,15
1982,15
3845,15
1384,15
1963,15
2153,15
1416,15
2573,15
3472,14
1681,14
166,14
2560,14
2187,14
2582,14
502,14
3896,14
1967,14
3943,14
3316,14
2369,14
1409,14
2893,14
2516,14
2551,14
1687,14
172,14
3944,14
2280,14
3330,14
1260,14
2189,14
2572,14
2584,14
110,13
1948,13
3647,13
2676,13
440,13
2639,13
2544,13
1091,13
605,13
154,13
1644,13
3698,13
2224,13
3724,13
387,13
3448,13
1549,13
946,13
1256,13
856,13
2969,13
572,13
1952,13
2294,13
4007,12
3587,12
1786,12
3947,12
2373,12
3309,12
1740,12
353,12
304,12
3660,12
1041,12
1043,12
2564,12
2565,12
1561,12
3772,12
1174,12
1169,12
2103,12
617,12
2055,12
3125,12
1965,12
2518,12
1517,12
2631,12
255,12
2204,12
1966,12
1961,12
3181,12
451,12
1075,12
1426,12
116,12
906,12
2555,12
38,12
908,12
1970,12
1968,12
1332,12
3658,12
252,12
2528,12
2615,12
2634,12
1979,12
253,12
1266,11
3945,11
272,11
881,11
385,11
2084,11
1567,11
3749,11
3281,11
2521,11
1485,11
920,11
2188,11
1621,11
2767,11
503,11
1292,11
932,11
3320,11
321,11
348,11
1983,11
3878,11
2993,11
4029,10
18,10
2384,10
152,10
1530,10
989,10
3844,10
2878,10
2610,10
2647,10
2994,10
300,10
496,10
3900,10
1357,10
3910,10
1286,10
3293,10
975,10
1910,10
2417,10
2728,10
168,10
243,9
414,9
433,9
1383,9
1096,9
984,9
3846,9
492,9
3022,9
1526,9
1521,9
2185,9
3649,9
3567,9
474,9
164,9
986,9
1613,9
4018,9
2746,8
3331,8
569,8
584,8
2995,8
422,8
344,8
2418,8
2682,8
1251,8
83,8
1165,8
4022,8
1172,8
145,8
150,8
987,8
1031,8
2583,8
3333,8
2532,8
2748,8
3314,8
1506,8
1507,8
2545,8
1725,8
2101,8
1556,8
673,8
3775,8
384,8
448,8
3655,8
2761,8
1571,8
3747,8
1509,8
2539,8
1518,8
3782,8
3784,8
2222,8
2578,8
497,8
4023,8
1119,8
3880,7
1295,7
3298,7
2463,7
3843,7
1386,7
2744,7
1090,7
360,7
389,7
2210,7
981,7
1555,7
2102,7
349,7
1536,7
2823,7
2066,7
895,7
2576,7
2768,7
2774,7
1900,7
1997,7
2943,7
994,7
1653,7
3248,7
2965,6
169,6
336,6
3579,6
1288,6
314,6
967,6
1291,6
988,6
3487,6
1977,6
1905,6
2749,6
2750,6
123,6
146,6
671,6
2891,6
1457,6
1456,6
1458,6
1502,6
3810,6
2535,6
1520,6
1770,6
2741,6
3879,6
1092,6
985,6
3329,6
391,6
877,6
878,6
3770,6
862,6
426,6
698,6
864,6
2602,6
2290,6
3156,6
2603,6
246,6
1293,6
425,6
811,6
1137,6
1751,6
2536,6
830,6
2211,6
3638,6
2182,6
2546,6
1262,6
1261,6
23,6
1192,6
2982,6
942,6
3292,6
2423,6
1880,6
823,6
262,6
1761,5
1452,5
996,5
651,5
2681,5
1679,5
1279,5
3934,5
1645,5
900,5
1669,5
1297,5
2642,5
3311,5
3666,5
181,5
2648,5
3652,5
933,5
805,5
3327,5
3725,5
2735,4
1462,4
3291,4
2537,4
403,4
3671,4
2609,4
1805,4
362,4
155,4
1187,4
3694,4
2209,4
2370,4
2972,4
20,4
1469,4
1893,4
541,4
1296,4
540,4
2585,4
1294,4
1557,4
2468,4
1117,4
3890,4
507,4
2629,4
2285,4
3665,4
447,4
1534,4
2649,4
3648,4
2229,4
861,4
180,4
1463,4
1698,4
903,3
363,3
3525,3
993,3
149,3
2944,3
2757,3
3578,3
2724,3
1804,3
361,3
3005,3
1316,3
3886,3
1334,3
3328,3
3332,3
2099,3
454,3
3743,3
3568,3
872,3
3009,3
2554,3
1570,3
3734,3
3729,3
2286,3
2870,3
2858,3
2734,3
926,3
1378,3
3853,3
435,3
2230,3
2234,3
1466,3
1464,3
2890,3
1263,3
1446,3
3832,3
2388,3
2974,3
213,3
2946,3
30,2
953,2
3287,2
2692,2
2227,2
81,2
82,2
2226,2
3829,2
1403,2
1432,2
1501,2
3841,2
432,2
2235,2
2233,2
3861,2
487,2
1468,2
1467,2
1465,2
1472,2
3099,2
590,2
1510,2
1508,2
812,2
1974,2
991,2
992,2
2032,2
1776,2
2755,2
183,2
2949,2
2753,2
351,2
2659,2
2660,2
3471,2
182,2
2470,2
2469,2
274,2
3864,2
2274,2
2523,2
1094,2
1768,2
99,2
2139,2
3783,2
3011,2
49,2
2997,2
3705,2
3033,1
618,1
2745,1
2738,1
581,1
1787,1
453,1
450,1
444,1
2620,1
2228,1
395,1
1406,1
1259,1
3230,1
3237,1
3288,1
1398,1
2225,1
3265,1
1264,1
2208,1
359,1
1739,1
2543,1
3558,1
2100,1
1867,1
505,1
697,1
1102,1
2284,1
390,1
354,1
2063,1
3047,1
3873,1
3863,1
383,1
1095,1
275,1
2319,1
876,1
506,1
1930,1
3132,1
899,1
898,1
1299,1
875,1
2996,1
3054,1
3695,1
1035,1
3073,1
151,1
1684,1
144,1
1796,1
2721,1
